{
  "best_epoch": 4,
  "peak_cpu_memory_MB": 1280.92,
  "peak_gpu_0_memory_MB": 422,
  "training_duration": "0:08:30.887926",
  "training_start_epoch": 0,
  "training_epochs": 10,
  "epoch": 10,
  "training_COHERENT_P": 0.942014217376709,
  "training_COHERENT_R": 0.954639196395874,
  "training_COHERENT_F1": 0.9482846856117249,
  "training_NOT_COHERENT_P": 0.9211469292640686,
  "training_NOT_COHERENT_R": 0.900175154209137,
  "training_NOT_COHERENT_F1": 0.9105403423309326,
  "training_average_F1": 0.9294125139713287,
  "training_accuracy": 0.9344581440622972,
  "training_loss": 0.16068097358220257,
  "training_cpu_memory_MB": 1280.92,
  "training_gpu_0_memory_MB": 422,
  "validation_COHERENT_P": 0.8417266011238098,
  "validation_COHERENT_R": 0.9140625,
  "validation_COHERENT_F1": 0.8764044642448425,
  "validation_NOT_COHERENT_P": 0.8641975522041321,
  "validation_NOT_COHERENT_R": 0.760869562625885,
  "validation_NOT_COHERENT_F1": 0.8092485666275024,
  "validation_average_F1": 0.8428265154361725,
  "validation_accuracy": 0.85,
  "validation_loss": 0.5506651686238391,
  "best_validation_COHERENT_P": 0.8299319744110107,
  "best_validation_COHERENT_R": 0.953125,
  "best_validation_COHERENT_F1": 0.8872727155685425,
  "best_validation_NOT_COHERENT_P": 0.9178082346916199,
  "best_validation_NOT_COHERENT_R": 0.72826087474823,
  "best_validation_NOT_COHERENT_F1": 0.8121212124824524,
  "best_validation_average_F1": 0.8496969640254974,
  "best_validation_accuracy": 0.8590909090909091,
  "best_validation_loss": 0.3986410472009863
}