{
  "best_epoch": 4,
  "peak_cpu_memory_MB": 1280.92,
  "peak_gpu_0_memory_MB": 414,
  "training_duration": "0:07:44.112276",
  "training_start_epoch": 0,
  "training_epochs": 9,
  "epoch": 9,
  "training_COHERENT_P": 0.9321175217628479,
  "training_COHERENT_R": 0.9504132270812988,
  "training_COHERENT_F1": 0.9411764740943909,
  "training_NOT_COHERENT_P": 0.9133573770523071,
  "training_NOT_COHERENT_R": 0.8830715417861938,
  "training_NOT_COHERENT_F1": 0.8979591727256775,
  "training_average_F1": 0.9195678234100342,
  "training_accuracy": 0.9253731343283582,
  "training_loss": 0.1875333481002599,
  "training_cpu_memory_MB": 1280.92,
  "training_gpu_0_memory_MB": 414,
  "validation_COHERENT_P": 0.8309859037399292,
  "validation_COHERENT_R": 0.921875,
  "validation_COHERENT_F1": 0.8740740418434143,
  "validation_NOT_COHERENT_P": 0.8717948794364929,
  "validation_NOT_COHERENT_R": 0.739130437374115,
  "validation_NOT_COHERENT_F1": 0.800000011920929,
  "validation_average_F1": 0.8370370268821716,
  "validation_accuracy": 0.8454545454545455,
  "validation_loss": 0.5364472690437522,
  "best_validation_COHERENT_P": 0.8299319744110107,
  "best_validation_COHERENT_R": 0.953125,
  "best_validation_COHERENT_F1": 0.8872727155685425,
  "best_validation_NOT_COHERENT_P": 0.9178082346916199,
  "best_validation_NOT_COHERENT_R": 0.72826087474823,
  "best_validation_NOT_COHERENT_F1": 0.8121212124824524,
  "best_validation_average_F1": 0.8496969640254974,
  "best_validation_accuracy": 0.8590909090909091,
  "best_validation_loss": 0.3986410472009863
}