{
  "best_epoch": 4,
  "peak_cpu_memory_MB": 1279.588,
  "peak_gpu_0_memory_MB": 414,
  "training_duration": "0:05:27.162879",
  "training_start_epoch": 0,
  "training_epochs": 6,
  "epoch": 6,
  "training_COHERENT_P": 0.9016227126121521,
  "training_COHERENT_R": 0.9212435483932495,
  "training_COHERENT_F1": 0.9113275408744812,
  "training_NOT_COHERENT_P": 0.8618181943893433,
  "training_NOT_COHERENT_R": 0.8301225900650024,
  "training_NOT_COHERENT_F1": 0.8456735014915466,
  "training_average_F1": 0.8785005211830139,
  "training_accuracy": 0.8873697916666666,
  "training_loss": 0.2736318859582146,
  "training_cpu_memory_MB": 1279.588,
  "training_gpu_0_memory_MB": 414,
  "validation_COHERENT_P": 0.8287671208381653,
  "validation_COHERENT_R": 0.9453125,
  "validation_COHERENT_F1": 0.8832117319107056,
  "validation_NOT_COHERENT_P": 0.9054054021835327,
  "validation_NOT_COHERENT_R": 0.72826087474823,
  "validation_NOT_COHERENT_F1": 0.8072289228439331,
  "validation_average_F1": 0.8452203273773193,
  "validation_accuracy": 0.8545454545454545,
  "validation_loss": 0.47637538611888885,
  "best_validation_COHERENT_P": 0.8299319744110107,
  "best_validation_COHERENT_R": 0.953125,
  "best_validation_COHERENT_F1": 0.8872727155685425,
  "best_validation_NOT_COHERENT_P": 0.9178082346916199,
  "best_validation_NOT_COHERENT_R": 0.72826087474823,
  "best_validation_NOT_COHERENT_F1": 0.8121212124824524,
  "best_validation_average_F1": 0.8496969640254974,
  "best_validation_accuracy": 0.8590909090909091,
  "best_validation_loss": 0.3986410472009863
}