{
  "best_epoch": 1,
  "peak_cpu_memory_MB": 1267.7,
  "peak_gpu_0_memory_MB": 414,
  "training_duration": "0:01:31.922399",
  "training_start_epoch": 0,
  "training_epochs": 1,
  "epoch": 1,
  "training_COHERENT_P": 0.7557058334350586,
  "training_COHERENT_R": 0.924508810043335,
  "training_COHERENT_F1": 0.8316279053688049,
  "training_NOT_COHERENT_P": 0.7960894107818604,
  "training_NOT_COHERENT_R": 0.496515691280365,
  "training_NOT_COHERENT_F1": 0.6115879416465759,
  "training_average_F1": 0.7216079235076904,
  "training_accuracy": 0.7650876054510058,
  "training_loss": 0.4918939413813253,
  "training_cpu_memory_MB": 1267.7,
  "training_gpu_0_memory_MB": 414,
  "validation_COHERENT_P": 0.8115941882133484,
  "validation_COHERENT_R": 0.875,
  "validation_COHERENT_F1": 0.8421052694320679,
  "validation_NOT_COHERENT_P": 0.8048780560493469,
  "validation_NOT_COHERENT_R": 0.717391312122345,
  "validation_NOT_COHERENT_F1": 0.7586207389831543,
  "validation_average_F1": 0.8003630042076111,
  "validation_accuracy": 0.8090909090909091,
  "validation_loss": 0.4271337666681835,
  "best_validation_COHERENT_P": 0.8115941882133484,
  "best_validation_COHERENT_R": 0.875,
  "best_validation_COHERENT_F1": 0.8421052694320679,
  "best_validation_NOT_COHERENT_P": 0.8048780560493469,
  "best_validation_NOT_COHERENT_R": 0.717391312122345,
  "best_validation_NOT_COHERENT_F1": 0.7586207389831543,
  "best_validation_average_F1": 0.8003630042076111,
  "best_validation_accuracy": 0.8090909090909091,
  "best_validation_loss": 0.4271337666681835
}