{
  "best_epoch": 4,
  "peak_cpu_memory_MB": 1280.92,
  "peak_gpu_0_memory_MB": 422,
  "training_duration": "0:10:03.167297",
  "training_start_epoch": 0,
  "training_epochs": 12,
  "epoch": 12,
  "training_COHERENT_P": 0.9548254609107971,
  "training_COHERENT_R": 0.9558067917823792,
  "training_COHERENT_F1": 0.955315887928009,
  "training_NOT_COHERENT_P": 0.9241622686386108,
  "training_NOT_COHERENT_R": 0.922535240650177,
  "training_NOT_COHERENT_F1": 0.9233480095863342,
  "training_average_F1": 0.9393319487571716,
  "training_accuracy": 0.9435431537962362,
  "training_loss": 0.14860217402262302,
  "training_cpu_memory_MB": 1280.92,
  "training_gpu_0_memory_MB": 414,
  "validation_COHERENT_P": 0.8194444179534912,
  "validation_COHERENT_R": 0.921875,
  "validation_COHERENT_F1": 0.8676470518112183,
  "validation_NOT_COHERENT_P": 0.8684210777282715,
  "validation_NOT_COHERENT_R": 0.717391312122345,
  "validation_NOT_COHERENT_F1": 0.7857143878936768,
  "validation_average_F1": 0.8266807198524475,
  "validation_accuracy": 0.8363636363636363,
  "validation_loss": 0.6104544029970255,
  "best_validation_COHERENT_P": 0.8299319744110107,
  "best_validation_COHERENT_R": 0.953125,
  "best_validation_COHERENT_F1": 0.8872727155685425,
  "best_validation_NOT_COHERENT_P": 0.9178082346916199,
  "best_validation_NOT_COHERENT_R": 0.72826087474823,
  "best_validation_NOT_COHERENT_F1": 0.8121212124824524,
  "best_validation_average_F1": 0.8496969640254974,
  "best_validation_accuracy": 0.8590909090909091,
  "best_validation_loss": 0.3986410472009863
}