{
  "best_epoch": 4,
  "peak_cpu_memory_MB": 1280.252,
  "peak_gpu_0_memory_MB": 414,
  "training_duration": "0:06:58.093369",
  "training_start_epoch": 0,
  "training_epochs": 8,
  "epoch": 8,
  "training_COHERENT_P": 0.9339525103569031,
  "training_COHERENT_R": 0.9329897165298462,
  "training_COHERENT_F1": 0.9334709048271179,
  "training_NOT_COHERENT_P": 0.8863636255264282,
  "training_NOT_COHERENT_R": 0.8879159092903137,
  "training_NOT_COHERENT_F1": 0.887139081954956,
  "training_average_F1": 0.910304993391037,
  "training_accuracy": 0.9162881245944192,
  "training_loss": 0.20844356085096175,
  "training_cpu_memory_MB": 1280.252,
  "training_gpu_0_memory_MB": 414,
  "validation_COHERENT_P": 0.8467153310775757,
  "validation_COHERENT_R": 0.90625,
  "validation_COHERENT_F1": 0.8754717111587524,
  "validation_NOT_COHERENT_P": 0.8554216623306274,
  "validation_NOT_COHERENT_R": 0.77173912525177,
  "validation_NOT_COHERENT_F1": 0.8114286065101624,
  "validation_average_F1": 0.8434501588344574,
  "validation_accuracy": 0.85,
  "validation_loss": 0.4865768104791641,
  "best_validation_COHERENT_P": 0.8299319744110107,
  "best_validation_COHERENT_R": 0.953125,
  "best_validation_COHERENT_F1": 0.8872727155685425,
  "best_validation_NOT_COHERENT_P": 0.9178082346916199,
  "best_validation_NOT_COHERENT_R": 0.72826087474823,
  "best_validation_NOT_COHERENT_F1": 0.8121212124824524,
  "best_validation_average_F1": 0.8496969640254974,
  "best_validation_accuracy": 0.8590909090909091,
  "best_validation_loss": 0.3986410472009863
}