{
  "best_epoch": 4,
  "peak_cpu_memory_MB": 1279.588,
  "peak_gpu_0_memory_MB": 414,
  "training_duration": "0:06:12.450764",
  "training_start_epoch": 0,
  "training_epochs": 7,
  "epoch": 7,
  "training_COHERENT_P": 0.9274770021438599,
  "training_COHERENT_R": 0.9360824823379517,
  "training_COHERENT_F1": 0.9317598938941956,
  "training_NOT_COHERENT_P": 0.8896797299385071,
  "training_NOT_COHERENT_R": 0.8756567239761353,
  "training_NOT_COHERENT_F1": 0.8826125264167786,
  "training_average_F1": 0.9071862101554871,
  "training_accuracy": 0.9136924075275795,
  "training_loss": 0.21519862208515406,
  "training_cpu_memory_MB": 1279.588,
  "training_gpu_0_memory_MB": 414,
  "validation_COHERENT_P": 0.8251748085021973,
  "validation_COHERENT_R": 0.921875,
  "validation_COHERENT_F1": 0.8708487153053284,
  "validation_NOT_COHERENT_P": 0.8701298832893372,
  "validation_NOT_COHERENT_R": 0.72826087474823,
  "validation_NOT_COHERENT_F1": 0.7928993701934814,
  "validation_average_F1": 0.8318740427494049,
  "validation_accuracy": 0.8409090909090909,
  "validation_loss": 0.4768057401691164,
  "best_validation_COHERENT_P": 0.8299319744110107,
  "best_validation_COHERENT_R": 0.953125,
  "best_validation_COHERENT_F1": 0.8872727155685425,
  "best_validation_NOT_COHERENT_P": 0.9178082346916199,
  "best_validation_NOT_COHERENT_R": 0.72826087474823,
  "best_validation_NOT_COHERENT_F1": 0.8121212124824524,
  "best_validation_average_F1": 0.8496969640254974,
  "best_validation_accuracy": 0.8590909090909091,
  "best_validation_loss": 0.3986410472009863
}