{
  "best_epoch": 1,
  "peak_cpu_memory_MB": 1272.212,
  "peak_gpu_0_memory_MB": 414,
  "training_duration": "0:02:20.284149",
  "training_start_epoch": 0,
  "training_epochs": 2,
  "epoch": 2,
  "training_COHERENT_P": 0.7979704737663269,
  "training_COHERENT_R": 0.8917526006698608,
  "training_COHERENT_F1": 0.8422590494155884,
  "training_NOT_COHERENT_P": 0.7702407240867615,
  "training_NOT_COHERENT_R": 0.6164623498916626,
  "training_NOT_COHERENT_F1": 0.6848249435424805,
  "training_average_F1": 0.7635419964790344,
  "training_accuracy": 0.7897469175859831,
  "training_loss": 0.42140531617527205,
  "training_cpu_memory_MB": 1272.212,
  "training_gpu_0_memory_MB": 414,
  "validation_COHERENT_P": 0.7022472023963928,
  "validation_COHERENT_R": 0.9765625,
  "validation_COHERENT_F1": 0.8169934749603271,
  "validation_NOT_COHERENT_P": 0.9285714030265808,
  "validation_NOT_COHERENT_R": 0.42391303181648254,
  "validation_NOT_COHERENT_F1": 0.5820895433425903,
  "validation_average_F1": 0.6995415091514587,
  "validation_accuracy": 0.7454545454545455,
  "validation_loss": 0.47238144491400036,
  "best_validation_COHERENT_P": 0.8115941882133484,
  "best_validation_COHERENT_R": 0.875,
  "best_validation_COHERENT_F1": 0.8421052694320679,
  "best_validation_NOT_COHERENT_P": 0.8048780560493469,
  "best_validation_NOT_COHERENT_R": 0.717391312122345,
  "best_validation_NOT_COHERENT_F1": 0.7586207389831543,
  "best_validation_average_F1": 0.8003630042076111,
  "best_validation_accuracy": 0.8090909090909091,
  "best_validation_loss": 0.4271337666681835
}