{
  "best_epoch": 3,
  "peak_cpu_memory_MB": 1273.024,
  "peak_gpu_0_memory_MB": 414,
  "training_duration": "0:03:06.001612",
  "training_start_epoch": 0,
  "training_epochs": 3,
  "epoch": 3,
  "training_COHERENT_P": 0.8328585028648376,
  "training_COHERENT_R": 0.9050567746162415,
  "training_COHERENT_F1": 0.8674579858779907,
  "training_NOT_COHERENT_P": 0.811475396156311,
  "training_NOT_COHERENT_R": 0.692307710647583,
  "training_NOT_COHERENT_F1": 0.7471697926521301,
  "training_average_F1": 0.8073138892650604,
  "training_accuracy": 0.8260869565217391,
  "training_loss": 0.38406547872970503,
  "training_cpu_memory_MB": 1273.024,
  "training_gpu_0_memory_MB": 414,
  "validation_COHERENT_P": 0.8082191944122314,
  "validation_COHERENT_R": 0.921875,
  "validation_COHERENT_F1": 0.8613138794898987,
  "validation_NOT_COHERENT_P": 0.8648648858070374,
  "validation_NOT_COHERENT_R": 0.695652186870575,
  "validation_NOT_COHERENT_F1": 0.7710843682289124,
  "validation_average_F1": 0.8161991238594055,
  "validation_accuracy": 0.8272727272727273,
  "validation_loss": 0.394893650497709,
  "best_validation_COHERENT_P": 0.8082191944122314,
  "best_validation_COHERENT_R": 0.921875,
  "best_validation_COHERENT_F1": 0.8613138794898987,
  "best_validation_NOT_COHERENT_P": 0.8648648858070374,
  "best_validation_NOT_COHERENT_R": 0.695652186870575,
  "best_validation_NOT_COHERENT_F1": 0.7710843682289124,
  "best_validation_average_F1": 0.8161991238594055,
  "best_validation_accuracy": 0.8272727272727273,
  "best_validation_loss": 0.394893650497709
}