{
  "best_epoch": 4,
  "peak_cpu_memory_MB": 1278.248,
  "peak_gpu_0_memory_MB": 414,
  "training_duration": "0:04:41.683782",
  "training_start_epoch": 0,
  "training_epochs": 5,
  "epoch": 5,
  "training_COHERENT_P": 0.8937246799468994,
  "training_COHERENT_R": 0.9103092551231384,
  "training_COHERENT_F1": 0.9019407033920288,
  "training_NOT_COHERENT_P": 0.8426762819290161,
  "training_NOT_COHERENT_R": 0.8161121010780334,
  "training_NOT_COHERENT_F1": 0.8291814923286438,
  "training_average_F1": 0.8655610978603363,
  "training_accuracy": 0.8754055807916937,
  "training_loss": 0.2881702301480497,
  "training_cpu_memory_MB": 1278.248,
  "training_gpu_0_memory_MB": 414,
  "validation_COHERENT_P": 0.8053691387176514,
  "validation_COHERENT_R": 0.9375,
  "validation_COHERENT_F1": 0.8664259910583496,
  "validation_NOT_COHERENT_P": 0.8873239159584045,
  "validation_NOT_COHERENT_R": 0.6847826242446899,
  "validation_NOT_COHERENT_F1": 0.7730060815811157,
  "validation_average_F1": 0.8197160363197327,
  "validation_accuracy": 0.8318181818181818,
  "validation_loss": 0.433657514463578,
  "best_validation_COHERENT_P": 0.8299319744110107,
  "best_validation_COHERENT_R": 0.953125,
  "best_validation_COHERENT_F1": 0.8872727155685425,
  "best_validation_NOT_COHERENT_P": 0.9178082346916199,
  "best_validation_NOT_COHERENT_R": 0.72826087474823,
  "best_validation_NOT_COHERENT_F1": 0.8121212124824524,
  "best_validation_average_F1": 0.8496969640254974,
  "best_validation_accuracy": 0.8590909090909091,
  "best_validation_loss": 0.3986410472009863
}