{
  "best_epoch": 0,
  "peak_cpu_memory_MB": 1191.1,
  "peak_gpu_0_memory_MB": 414,
  "training_duration": "0:00:46.104681",
  "training_start_epoch": 0,
  "training_epochs": 0,
  "epoch": 0,
  "training_COHERENT_P": 0.6956856846809387,
  "training_COHERENT_R": 0.9318885207176208,
  "training_COHERENT_F1": 0.7966475486755371,
  "training_NOT_COHERENT_P": 0.7283950448036194,
  "training_NOT_COHERENT_R": 0.309440553188324,
  "training_NOT_COHERENT_F1": 0.43435582518577576,
  "training_average_F1": 0.6155016869306564,
  "training_accuracy": 0.7008436080467229,
  "training_loss": 0.5928729361233612,
  "training_cpu_memory_MB": 1191.1,
  "training_gpu_0_memory_MB": 414,
  "validation_COHERENT_P": 0.6597937941551208,
  "validation_COHERENT_R": 1.0,
  "validation_COHERENT_F1": 0.7950310111045837,
  "validation_NOT_COHERENT_P": 1.0,
  "validation_NOT_COHERENT_R": 0.28260868787765503,
  "validation_NOT_COHERENT_F1": 0.4406779408454895,
  "validation_average_F1": 0.6178544759750366,
  "validation_accuracy": 0.7,
  "validation_loss": 0.5065801867416927,
  "best_validation_COHERENT_P": 0.6597937941551208,
  "best_validation_COHERENT_R": 1.0,
  "best_validation_COHERENT_F1": 0.7950310111045837,
  "best_validation_NOT_COHERENT_P": 1.0,
  "best_validation_NOT_COHERENT_R": 0.28260868787765503,
  "best_validation_NOT_COHERENT_F1": 0.4406779408454895,
  "best_validation_average_F1": 0.6178544759750366,
  "best_validation_accuracy": 0.7,
  "best_validation_loss": 0.5065801867416927
}