{
  "best_epoch": 4,
  "peak_cpu_memory_MB": 1274.508,
  "peak_gpu_0_memory_MB": 414,
  "training_duration": "0:03:53.835365",
  "training_start_epoch": 0,
  "training_epochs": 4,
  "epoch": 4,
  "training_COHERENT_P": 0.8653658628463745,
  "training_COHERENT_R": 0.9172698855400085,
  "training_COHERENT_F1": 0.8905622959136963,
  "training_NOT_COHERENT_P": 0.8449612259864807,
  "training_NOT_COHERENT_R": 0.7595818638801575,
  "training_NOT_COHERENT_F1": 0.7999999523162842,
  "training_average_F1": 0.8452811241149902,
  "training_accuracy": 0.8585334198572355,
  "training_loss": 0.33656238260058063,
  "training_cpu_memory_MB": 1274.508,
  "training_gpu_0_memory_MB": 414,
  "validation_COHERENT_P": 0.8299319744110107,
  "validation_COHERENT_R": 0.953125,
  "validation_COHERENT_F1": 0.8872727155685425,
  "validation_NOT_COHERENT_P": 0.9178082346916199,
  "validation_NOT_COHERENT_R": 0.72826087474823,
  "validation_NOT_COHERENT_F1": 0.8121212124824524,
  "validation_average_F1": 0.8496969640254974,
  "validation_accuracy": 0.8590909090909091,
  "validation_loss": 0.3986410472009863,
  "best_validation_COHERENT_P": 0.8299319744110107,
  "best_validation_COHERENT_R": 0.953125,
  "best_validation_COHERENT_F1": 0.8872727155685425,
  "best_validation_NOT_COHERENT_P": 0.9178082346916199,
  "best_validation_NOT_COHERENT_R": 0.72826087474823,
  "best_validation_NOT_COHERENT_F1": 0.8121212124824524,
  "best_validation_average_F1": 0.8496969640254974,
  "best_validation_accuracy": 0.8590909090909091,
  "best_validation_loss": 0.3986410472009863
}